Workbook
Name A: #REF!
Name AAAA: #REF!
Name Ass: #REF!
Name ATCS: #REF!
Name ATpop: #REF!
Name ATpos: #REF!
Name b: #REF!
Name bdfv: #REF!
Name Capacity_relief_for_all: #REF!
Name env_class: #REF!
Name export: #REF!
Name FORPI: #REF!
Name hgt: #REF!
Name HTA: #REF!
Name HTA_1: #REF!
Name HTA_2: #REF!
Name HTT: #REF!
Name HTTT: #REF!
Name import: #REF!
Name popBuff: #REF!
Name ReportingPeriod: #REF!
Name ReportingYear: #REF!
Name SmartPos: #REF!
Name SmiPos: #REF!
Name Staff_levels: #REF!
Name StructureType: #REF!
Name Summ: #REF!
Name tigoCS: #REF!
Name TigoPop: #REF!
Name TigoPos: #REF!
Name Time_Scale: #REF!
Name uniqClass: #REF!
Name VietCS: #REF!
Name VietPop: #REF!
Name VietPos: #REF!
Name VodCS: #REF!
Name VodPop: #REF!
Name VodPos: #REF!
Name ZanPop: #REF!
Name zantCS: #REF!
Name ZantPos: #REF!

Sheet BOQ
C3: RFP / RFQ Reference | E3: Date | F3: 46175
C4: OpCos | D4: Supplier
C5: Terms and Conditions are as per memorandum of understanding or contract
I6: 1 | L6: 2 | O6: 3 | R6: 4 | U6: 5 | X6: 6 | AA6: 7 | AD6: 8 | AG6: 9 | AJ6: 10 | AM6: 11 | AP6: 12 | AS6: 13 | AV6: 14 | AY6: 15 | BB6: 16
D7: PROJECT TYPE: Site Improvement - Oversite Aggregates and Concrete | H7: HTA ID | I7: TZTB1217 | K7: HTA ID | L7: TZTB2341 | N7: HTA ID | O7: TZTB2346 | Q7: HTA ID | R7: TZTB6750 | T7: HTA ID | U7: TZTB2353 | W7: HTA ID | X7: TZTB1568 | Z7: HTA ID | AA7: TZTB5713 | AC7: HTA ID | AD7: TZTB7528 | AF7: HTA ID | AG7: TZTB7797 | AI7: HTA ID | AJ7: TZTB7519 | AL7: HTA ID | AM7: TZTB2352 | AO7: HTA ID | AP7: TZTB3253 | AR7: HTA ID | AS7: TZDA0495 | AU7: HTA ID | AV7: TZDA0565 | AX7: HTA ID | AY7: TZDA1868 | BA7: HTA ID | BB7: TZDA2939
H8: Site Name | I8: Nyalaja | K8: Site Name | L8: Mwashina | N8: Site Name | O8: Mabama | Q8: Site Name | R8: Milambo Itobo Ucsaf | T8: Site Name | U8: Ndala | W8: Site Name | X8: Tumbi | Z8: Site Name | AA8: Igunga vtz | AC8: Site Name | AD8: Itunduru vtz | AF8: Site Name | AG8: Mwabakima | AI8: Site Name | AJ8: Ndembezi Igunga Vtz | AL8: Site Name | AM8: Nkinga Sector 0 | AO8: Site Name | AP8: Usongo Mission | AR8: Site Name | AS8: Chanika Kitonga | AU8: Site Name | AV8: Mavurunza G5 | AX8: Site Name | AY8: Kijitonyama | BA8: Site Name | BB8: Wazo
H9: Region | I9: Tabora | K9: Region | L9: Tabora | N9: Region | O9: Tabora | Q9: Region | R9: Tabora | T9: Region | U9: Tabora | W9: Region | X9: Tabora | Z9: Region | AA9: Tabora | AC9: Region | AD9: Tabora | AF9: Region | AG9: Tabora | AI9: Region | AJ9: Tabora | AL9: Region | AM9: Tabora | AO9: Region | AP9: Tabora | AR9: Region | AS9: Dar es Salaam | AU9: Region | AV9: Dar es Salaam | AX9: Region | AY9: Dar es Salaam | BA9: Region | BB9: Dar es Salaam
C10: ITEM | D10: Item Description | E10: UNIT | F10: Material Unit Cost (TZS) | G10: Services Unit Cost (TZS) | H10: Qty | I10: TOTAL(TZS) | K10: Qty | L10: TOTAL(TZS) | N10: Qty | O10: TOTAL(TZS) | Q10: Qty | R10: TOTAL(TZS) | T10: Qty | U10: TOTAL(TZS) | W10: Qty | X10: TOTAL(TZS) | Z10: Qty | AA10: TOTAL(TZS) | AC10: Qty | AD10: TOTAL(TZS) | AF10: Qty | AG10: TOTAL(TZS) | AI10: Qty | AJ10: TOTAL(TZS) | AL10: Qty | AM10: TOTAL(TZS) | AO10: Qty | AP10: TOTAL(TZS) | AR10: Qty | AS10: TOTAL(TZS) | AU10: Qty | AV10: TOTAL(TZS) | AX10: Qty | AY10: TOTAL(TZS) | BA10: Qty | BB10: TOTAL(TZS)
C11: 1 | D11: Site Preparation and Finishing | I11: =SUM(I12:I20) -> 4771906.4 | L11: =SUM(L12:L20) -> 3017020.3 | O11: =SUM(O12:O20) -> 5091506.1 | R11: =SUM(R12:R20) -> 6162354.8 | U11: =SUM(U12:U20) -> 5208004.8 | X11: =SUM(X12:X20) -> 8263619.9 | AA11: =SUM(AA12:AA20) -> 2432583.6 | AD11: =SUM(AD12:AD20) -> 2242050.6 | AG11: =SUM(AG12:AG20) -> 3998110.4 | AJ11: =SUM(AJ12:AJ20) -> 999656.17 | AM11: =SUM(AM12:AM20) -> 4363664.6 | AP11: =SUM(AP12:AP20) -> 8306590.9 | AS11: =SUM(AS12:AS20) -> 3768317.4 | AV11: =SUM(AV12:AV20) -> 6360590.8 | AY11: =SUM(AY12:AY20) -> 4744447.7 | BB11: =SUM(BB12:BB20) -> 10412120
C12: 1.1.1 | D12: Retaining Wall including reinforcement beam, stones,bricks,sand and Cement- Not Standard (Not more than 1m) | E12: m³ | F12: 712571.39 | G12: 355786.59 | I12: =H12*($F12+$G12) -> 0 | L12: =K12*($F12+$G12) -> 0 | N12: =(0.5*3*0.4*1*11)*0.2 -> 1.32 | O12: =N12*($F12+$G12) -> 1410232.5 | R12: =Q12*($F12+$G12) -> 0 | U12: =T12*($F12+$G12) -> 0 | X12: =W12*($F12+$G12) -> 0 | AA12: =Z12*($F12+$G12) -> 0 | AD12: =AC12*($F12+$G12) -> 0 | AG12: =AF12*($F12+$G12) -> 0 | AJ12: =AI12*($F12+$G12) -> 0 | AM12: =AL12*($F12+$G12) -> 0 | AP12: =AO12*($F12+$G12) -> 0 | AS12: =AR12*($F12+$G12) -> 0 | AV12: =AU12*($F12+$G12) -> 0 | AX12: =(27.6*1.1*0.2)*0.3 -> 1.8216 | AY12: =AX12*($F12+$G12) -> 1946120.9 | BB12: =BA12*($F12+$G12) -> 0
C13: 1.1.2 | D13: Supply Imported G7 materials and Backfill Site compound, including Compacting to 93% MDD AASHTO (Only the size of the site e.g.10 x 10m). | E13: m³ | F13: 58300 | G13: 9637.3508 | H13: =(H15)*0.1 -> 12.444 | I13: =H13*($F13+$G13) -> 845412.39 | K13: =(((8.1*8.1)-((1.5*1.5*4)+(1.2*2.4)+(1.7*2.4)+(2.55*3.16)+(1*2)+(0.5*0.5)+(1*1)))*0.1) -> 3.8342 | L13: =K13*($F13+$G13) -> 260485.39 | N13: =((12.1*12.1)-((1*1*5)+(1*2)+(0.5*0.5*2)+(2.8*3.5)+(1.05*1.55)+(2*3)+(1.7*2.4)))*0.1 -> 11.74025 | O13: =N13*($F13+$G13) -> 797601.48 | Q13: =(((15*15)-((0.8*0.8*6)+(2.5*3.2*3)+(0.45*0.7)+(1.3*2.4)+(0.31*0.31*12)+(0.4*1.9*6)))*0.1) -> 18.80118 | R13: =Q13*($F13+$G13) -> 1277302.4 | T13: =(((10*10)-((1.8*1.8*4)+(2.6*3.3)+(0.45*0.68)+(0.5*0.7)+(1.2*2.6)+(1.7*2.4)))*0.1) -> 7.0604 | U13: =T13*($F13+$G13) -> 479664.87 | W13: =((12.1*12.1)-((0.6*0.6*4)+(0.4*1.9*12)+(0.9*0.9*3)+(0.55*0.7)+(1.3*2.4)))*0.15 -> 19.48725 | X13: =W13*($F13+$G13) -> 1323912.1 | Z13: =(((6*7.5)-((1*1*2)+(0.5*0.7)+(0.62*2.68)+(0.5*0.5)+(0.45*2.65)))*(0.15)) -> 5.931885 | AA13: =Z13*($F13+$G13) -> 402996.55 | AC13: =(((6.6*7.72)-((0.5*0.8)+(1*1.56)+(0.4*1.2*4)+(0.98*1)+(1.63*2.75)+(0.8*0.8)+(1*1)+(0.42*2.6*2)))*0.1) -> 3.77855 | AD13: =AC13*($F13+$G13) -> 256704.68 | AF13: =(((8.12*8.57)-((1*1*2)+(0.4*2.8*2)+(0.45*2.65)+(2.41*2.79)+(0.8*0.8)+(0.35*3.08)+(0.5*0.82)))*(0.15)) -> 8.2956 | AG13: =AF13*($F13+$G13) -> 563581.09 | AI13: =((5.4*5.6)-((1*1*2)+(0.5*2.74*2)+(0.4*0.4)+(0.4*1.2*4)+(0.8*0.8)+(2.7*2.85)+(0.5*0.8)))*0.2 -> 2.937 | AJ13: =AI13*($F13+$G13) -> 199532 | AL13: =((((8.04*8.04)-(0.6*0.6*4)+(1*2)+(0.5*0.5*2)+(2.6*3.2)+(1.23*2.5)+(1.2*2)+(0.8*1)))*0.2) -> 16.05932 | AM13: =AL13*($F13+$G13) -> 1091027.7 | AO13: =((((12*12)-((0.5*0.5*3)+(3.5*3.5)+(0.5*0.7)+(1.13*1.63)+(0.76*0.76*2)))*0.15)) -> 19.147935 | AP13: =AO13*($F13+$G13) -> 1300860 | AR13: =AR15*0.15 -> 17.094596 | AS13: =AR13*($F13+$G13) -> 1161361.5 | AU13: =(AU15)*0.18 -> 25.468875 | AV13: =AU13*($F13+$G13) -> 1730287.9 | AX13: =(AX15/2)*0.1 -> 4.0767925 | AY13: =AX13*($F13+$G13) -> 276966.48 | BA13: =((((12*10)-((3*3.5*2)+(1.2*2.1)+(1.7*1.7*3)+(0.9*1*2)))+((6*6)-((2.6*3.4)+(1.1*2.5))))*0.1*1.21) -> 13.36082 | BB13: =BA13*($F13+$G13) -> 907698.72
C14: 1.1.3 | D14: Apply approved herbicide uniformly to prevent future vegetation growth. | E14: Site | F14: 35000 | G14: 0 | H14: 2 | I14: =H14*($F14+$G14) -> 70000 | L14: =K14*($F14+$G14) -> 0 | N14: 3 | O14: =N14*($F14+$G14) -> 105000 | R14: =Q14*($F14+$G14) -> 0 | T14: 1 | U14: =T14*($F14+$G14) -> 35000 | X14: =W14*($F14+$G14) -> 0 | AA14: =Z14*($F14+$G14) -> 0 | AC14: 1 | AD14: =AC14*($F14+$G14) -> 35000 | AG14: =AF14*($F14+$G14) -> 0 | AJ14: =AI14*($F14+$G14) -> 0 | AL14: 2 | AM14: =AL14*($F14+$G14) -> 70000 | AP14: =AO14*($F14+$G14) -> 0 | AR14: 2 | AS14: =AR14*($F14+$G14) -> 70000 | AU14: 2 | AV14: =AU14*($F14+$G14) -> 70000 | AX14: 2 | AY14: =AX14*($F14+$G14) -> 70000 | BB14: =BA14*($F14+$G14) -> 0
C15: 1.1.4 | D15: Non-woven Geofabric membrane type 250 - 300gsm, UV stabilized, polypropylene or approved equivalent for weed control, (area of membrane required is calculated by removing areas for: tower foundation, plinths, guard hut) (Only the size of the site e.g.15 x 15m) - (Double layer) | E15: m² | F15: 4500 | G15: 1071 | H15: =(((12*12.15)-((0.7*0.7*4)+(1.3*2.4)+(0.8*0.8*3)+(0.4*1.9*11)+(2*3)))) -> 124.44 | I15: =H15*($F15+$G15) -> 693255.24 | L15: =K15*($F15+$G15) -> 0 | N15: =((12.1*12.1)-((1*1*5)+(1*2)+(0.5*0.5*2)+(2.8*3.5)+(1.05*1.55)+(2*3)+(1.7*2.4))) -> 117.4025 | O15: =N15*($F15+$G15) -> 654049.33 | Q15: =(((15*15)-((0.8*0.8*6)+(2.5*3.2*3)+(0.45*0.7)+(1.3*2.4)+(0.31*0.31*12)+(0.4*1.9*6)))) -> 188.0118 | R15: =Q15*($F15+$G15) -> 1047413.7 | U15: =T15*($F15+$G15) -> 0 | X15: =W15*($F15+$G15) -> 0 | Z15: =(((6*7.5)-((1*1*2)+(0.5*0.7)+(0.62*2.68)+(0.5*0.5)+(0.45*2.65)))) -> 39.5459 | AA15: =Z15*($F15+$G15) -> 220310.21 | AC15: =(((6.6*7.72)-((0.5*0.8)+(1*1.56)+(0.4*1.2*4)+(0.98*1)+(1.63*2.75)+(0.8*0.8)+(1*1)+(0.42*2.6*2)))*1.21) -> 45.720455 | AD15: =AC15*($F15+$G15) -> 254708.65 | AG15: =AF15*($F15+$G15) -> 0 | AI15: =((5.4*5.6)-((1*1*2)+(0.5*2.74*2)+(0.4*0.4)+(0.4*1.2*4)+(0.8*0.8)+(2.7*2.85)+(0.5*0.8))) -> 14.685 | AJ15: =AI15*($F15+$G15) -> 81810.135 | AL15: =((((8.04*8.04)-(0.6*0.6*4)+(1*2)+(0.5*0.5*2)+(2.6*3.2)+(1.23*2.5)+(1.2*2)+(0.8*1)))*1.21) -> 97.158886 | AM15: =AL15*($F15+$G15) -> 541272.15 | AP15: =AO15*($F15+$G15) -> 0 | AR15: =(((11*11)-((1*2.5)+(0.8*0.8*3)+(1*2*2)+(1*1)+(0.5*0.5*2)+(1.5*2.5)+(2.4*5.4)+(0.43*0.43)))*1.21) -> 113.96397 | AS15: =AR15*($F15+$G15) -> 634893.28 | AU15: =(((11.5*11.5)-((0.55*0.7)+(0.7*0.7*3)+(0.4*1.9*14)+(1.3*2.4)+(1*2)+(0.6*0.6*4)))*1.25) -> 141.49375 | AV15: =AU15*($F15+$G15) -> 788261.68 | AX15: =((7.65*7.65)-((0.7*0.7*4)+(1.2*2)+(2.8*3.3)+(1.3*2.5)+(1*1*2)+(0.45*0.7)+(0.45*0.5)+(1.2*2.2)+(1*2.8)))*2*1.21 -> 81.53585 | AY15: =AX15*($F15+$G15) -> 454236.22 | BB15: =BA15*($F15+$G15) -> 0
C16: 1.1.5 | D16: Install 19 mm² Stone Chip including mixing in coarse salt within site compound (100 mm layer) (Only the size of the site e.g.10 x 10m) | E16: m³ | F16: 120000 | G16: 11801.527 | H16: =H15*0.1 -> 12.444 | I16: =H16*($F16+$G16) -> 1640138.2 | L16: =K16*($F16+$G16) -> 0 | N16: =N15*0.1 -> 11.74025 | O16: =N16*($F16+$G16) -> 1547382.9 | Q16: =(((15*15)-((0.8*0.8*6)+(2.5*3.2*3)+(0.45*0.7)+(1.3*2.4)+(0.31*0.31*12)+(0.4*1.9*6))))*0.1 -> 18.80118 | R16: =Q16*($F16+$G16) -> 2478024.2 | U16: =T16*($F16+$G16) -> 0 | X16: =W16*($F16+$G16) -> 0 | Z16: =(((6*7.5)-((1*1*2)+(0.5*0.7)+(0.62*2.68)+(0.5*0.5)+(0.45*2.65))))*0.1 -> 3.95459 | AA16: =Z16*($F16+$G16) -> 521221 | AC16: =AC15*0.1 -> 4.5720455 | AD16: =AC16*($F16+$G16) -> 602602.58 | AG16: =AF16*($F16+$G16) -> 0 | AI16: =((5.4*5.6)-((1*1*2)+(0.5*2.74*2)+(0.4*0.4)+(0.4*1.2*4)+(0.8*0.8)+(2.7*2.85)+(0.5*0.8)))*0.1 -> 1.4685 | AJ16: =AI16*($F16+$G16) -> 193550.54 | AL16: =AL15*0.1 -> 9.7158886 | AM16: =AL16*($F16+$G16) -> 1280569 | AP16: =AO16*($F16+$G16) -> 0 | AR16: =(AR15*0.1) -> 11.396397 | AS16: =AR16*($F16+$G16) -> 1502062.5 | AU16: =(AU15*0.1) -> 14.149375 | AV16: =AU16*($F16+$G16) -> 1864909.2 | AX16: =(AX15*0.1)/2 -> 4.0767925 | AY16: =AX16*($F16+$G16) -> 537327.48 | BB16: =BA16*($F16+$G16) -> 0
C17: 1.1.6 | D17: Oversite concrete( wire mesh with concrete of grade C20) - Within Site | E17: m³ | F17: 374325 | G17: 102732.72 | I17: =H17*($F17+$G17) -> 0 | K17: =(((8.1*8.1)-((1.5*1.5*4)+(1.2*2.4)+(1.7*2.4)+(2.55*3.16)+(1*2)+(0.5*0.5)+(1*1)))*0.1) -> 3.8342 | L17: =K17*($F17+$G17) -> 1829134.7 | O17: =N17*($F17+$G17) -> 0 | R17: =Q17*($F17+$G17) -> 0 | T17: =(((10*10)-((1.8*1.8*4)+(2.6*3.3)+(0.45*0.68)+(0.5*0.7)+(1.2*2.6)+(1.7*2.4)))*0.1) -> 7.0604 | U17: =T17*($F17+$G17) -> 3368218.3 | W17: =((12.1*12.1)-((0.6*0.6*4)+(0.4*1.9*12)+(0.9*0.9*3)+(0.55*0.7)+(1.3*2.4)))*0.1 -> 12.9915 | X17: =W17*($F17+$G17) -> 6197695.4 | AA17: =Z17*($F17+$G17) -> 0 | AD17: =AC17*($F17+$G17) -> 0 | AF17: =(((8.12*8.57)-((1*1*2)+(0.4*2.8*2)+(0.45*2.65)+(2.41*2.79)+(0.8*0.8)+(0.35*3.08)+(0.5*0.82)))*(0.1)) -> 5.5304 | AG17: =AF17*($F17+$G17) -> 2638320 | AJ17: =AI17*($F17+$G17) -> 0 | AM17: =AL17*($F17+$G17) -> 0 | AO17: =((((12*12)-((0.5*0.5*3)+(3.5*3.5)+(0.5*0.7)+(1.13*1.63)+(0.76*0.76*2)))*0.1)) -> 12.76529 | AP17: =AO17*($F17+$G17) -> 6089780.1 | AS17: =AR17*($F17+$G17) -> 0 | AV17: =AU17*($F17+$G17) -> 0 | AY17: =AX17*($F17+$G17) -> 0 | BA17: =((((12*10)-((3*3.5*2)+(1.2*2.1)+(1.7*1.7*3)+(0.9*1*2)))+((6*6)-((2.6*3.4)+(1.1*2.5))))*0.1)+((((12*10)-((3*3.5*2)+(1.2*2.1)+(1.7*1.7*3)+(0.9*1*2)))+((6*6)-((2.6*3.4)+(1.1*2.5))))*0.05) -> 16.563 | BB17: =BA17*($F17+$G17) -> 7901507
C18: 1.1.7 | D18: Oversite concrete( wire mesh with concrete of grade C20) - Outside the Site | E18: m³ | F18: 374325 | G18: 102732.72 | H18: =((12+12.15)*2*0.5*0.1) -> 2.415 | I18: =H18*($F18+$G18) -> 1152094.4 | K18: =(8.1*4*0.6*0.1) -> 1.944 | L18: =K18*($F18+$G18) -> 927400.21 | N18: =(12.1*2)*0.5*0.1 -> 1.21 | O18: =N18*($F18+$G18) -> 577239.84 | Q18: =(15+15+15+12)*0.5*0.1 -> 2.85 | R18: =Q18*($F18+$G18) -> 1359614.5 | T18: =(10*4)*0.5*0.1 -> 2 | U18: =T18*($F18+$G18) -> 954115.44 | X18: =W18*($F18+$G18) -> 0 | Z18: =(6+7.5)*2*1*0.1 -> 2.7 | AA18: =Z18*($F18+$G18) -> 1288055.8 | AC18: =((6.6+7.72)*2*0.5*0.1)+((6.6+7.72)*2*2.5*0.02*0.6) -> 2.2912 | AD18: =AC18*($F18+$G18) -> 1093034.6 | AF18: =(8.12+8.57)*2*0.5*0.1 -> 1.669 | AG18: =AF18*($F18+$G18) -> 796209.33 | AI18: =(5.4+5.6)*2*0.5*0.1 -> 1.1 | AJ18: =AI18*($F18+$G18) -> 524763.49 | AL18: =(8.04*4*0.9*0.1) -> 2.8944 | AM18: =AL18*($F18+$G18) -> 1380795.9 | AO18: =12*4*0.4*0.1 -> 1.92 | AP18: =AO18*($F18+$G18) -> 915950.82 | AS18: =AR18*($F18+$G18) -> 0 | AU18: =(11.5*4*0.7*0.1) -> 3.22 | AV18: =AU18*($F18+$G18) -> 1536125.9 | AX18: =((7.65+7.65)*2*1*0.1) -> 3.06 | AY18: =AX18*($F18+$G18) -> 1459796.6 | BA18: =(12*4)*0.7*0.1 -> 3.36 | BB18: =BA18*($F18+$G18) -> 1602913.9
C19: 1.1.8 | D19: Supply Medium Duty Cast Iron Cover and Frame Manhole Cover size 0.8m x 0.8m incl Building of Manhole | E19: ea | F19: 252198.9 | G19: 118807.27 | H19: 1 | I19: =H19*($F19+$G19) -> 371006.17 | L19: =K19*($F19+$G19) -> 0 | O19: =N19*($F19+$G19) -> 0 | R19: =Q19*($F19+$G19) -> 0 | T19: 1 | U19: =T19*($F19+$G19) -> 371006.17 | W19: 2 | X19: =W19*($F19+$G19) -> 742012.35 | AA19: =Z19*($F19+$G19) -> 0 | AD19: =AC19*($F19+$G19) -> 0 | AG19: =AF19*($F19+$G19) -> 0 | AJ19: =AI19*($F19+$G19) -> 0 | AM19: =AL19*($F19+$G19) -> 0 | AP19: =AO19*($F19+$G19) -> 0 | AS19: =AR19*($F19+$G19) -> 0 | AU19: 1 | AV19: =AU19*($F19+$G19) -> 371006.17 | AY19: =AX19*($F19+$G19) -> 0 | BB19: =BA19*($F19+$G19) -> 0
C20: 1.1.9 | D20: Gate Ramp- Steps(stairs) | E20: Site | F20: 300000 | G20: 100000 | I20: =H20*($F20+$G20) -> 0 | L20: =K20*($F20+$G20) -> 0 | O20: =N20*($F20+$G20) -> 0 | R20: =Q20*($F20+$G20) -> 0 | U20: =T20*($F20+$G20) -> 0 | X20: =W20*($F20+$G20) -> 0 | AA20: =Z20*($F20+$G20) -> 0 | AD20: =AC20*($F20+$G20) -> 0 | AG20: =AF20*($F20+$G20) -> 0 | AJ20: =AI20*($F20+$G20) -> 0 | AM20: =AL20*($F20+$G20) -> 0 | AP20: =AO20*($F20+$G20) -> 0 | AR20: 1 | AS20: =AR20*($F20+$G20) -> 400000 | AV20: =AU20*($F20+$G20) -> 0 | AY20: =AX20*($F20+$G20) -> 0 | BB20: =BA20*($F20+$G20) -> 0
C21: 2 | D21: Power - Equipment Slab | I21: =SUM(I22:I26) -> 324946.51 | L21: =SUM(L22:L26) -> 2418806.7 | O21: =SUM(O22:O26) -> 649893.03 | R21: =SUM(R22:R26) -> 2058044.4 | U21: =SUM(U22:U26) -> 2901913.3 | X21: =SUM(X22:X26) -> 1654839.5 | AA21: =SUM(AA22:AA26) -> 680000 | AD21: =SUM(AD22:AD26) -> 0 | AG21: =SUM(AG22:AG26) -> 2136302.8 | AJ21: =SUM(AJ22:AJ26) -> 1117220.9 | AM21: =SUM(AM22:AM26) -> 0 | AP21: =SUM(AP22:AP26) -> 1796302.8 | AS21: =SUM(AS22:AS26) -> 873711.52 | AV21: =SUM(AV22:AV26) -> 324946.51 | AY21: =SUM(AY22:AY26) -> 0 | BB21: =SUM(BB22:BB26) -> 649893.03
C22: 2.1.1 | D22: Equipment Slab/ Sleepers (ACDB, DCDB, Rectifier Cabinet, Generator, Line Conditioning Unit, Tenant Equipment) Installation - Reinforced concrete | E22: m³ | F22: =465000*1.15 -> 534750 | G22: =111666*1.15 -> 128415.9 | I22: =H22*($F22+$G22) -> 0 | K22: =(1.8*0.4*0.4*2)*2 -> 1.152 | L22: =K22*($F22+$G22) -> 763967.12 | O22: =N22*($F22+$G22) -> 0 | Q22: =(0.4*0.4*1.9*2) -> 0.608 | R22: =Q22*($F22+$G22) -> 403204.87 | T22: =(0.4*0.4*1.9*4) -> 1.216 | U22: =T22*($F22+$G22) -> 806409.73 | X22: =W22*($F22+$G22) -> 0 | AA22: =Z22*($F22+$G22) -> 0 | AD22: =AC22*($F22+$G22) -> 0 | AF22: =0.4*0.4*1.9*4 -> 1.216 | AG22: =AF22*($F22+$G22) -> 806409.73 | AI22: =0.4*0.4*1.2 -> 0.192 | AJ22: =AI22*($F22+$G22) -> 127327.85 | AM22: =AL22*($F22+$G22) -> 0 | AO22: =0.4*0.4*1.9*4 -> 1.216 | AP22: =AO22*($F22+$G22) -> 806409.73 | AR22: =1.5*2.5*0.3*0.3 -> 0.3375 | AS22: =AR22*($F22+$G22) -> 223818.49 | AV22: =AU22*($F22+$G22) -> 0 | AY22: =AX22*($F22+$G22) -> 0 | BB22: =BA22*($F22+$G22) -> 0
C23: 2.1.2 | D23: Installation of complete galvanized standard cable trays (including supply and installation of all accessories/supports and grounding) | E23: Site | G23: 150000 | I23: =H23*($F23+$G23) -> 0 | L23: =K23*($F23+$G23) -> 0 | O23: =N23*($F23+$G23) -> 0 | R23: =Q23*($F23+$G23) -> 0 | U23: =T23*($F23+$G23) -> 0 | X23: =W23*($F23+$G23) -> 0 | AA23: =Z23*($F23+$G23) -> 0 | AD23: =AC23*($F23+$G23) -> 0 | AG23: =AF23*($F23+$G23) -> 0 | AJ23: =AI23*($F23+$G23) -> 0 | AM23: =AL23*($F23+$G23) -> 0 | AP23: =AO23*($F23+$G23) -> 0 | AS23: =AR23*($F23+$G23) -> 0 | AV23: =AU23*($F23+$G23) -> 0 | AY23: =AX23*($F23+$G23) -> 0 | BB23: =BA23*($F23+$G23) -> 0
C24: 2.1.3 | D24: Install 110mm flexible HDPE Corrugated pipe (with accessories, couplings, etc.) | E24: m | F24: 48070 | G24: 6087.7523 | H24: 6 | I24: =H24*($F24+$G24) -> 324946.51 | K24: 18 | L24: =K24*($F24+$G24) -> 974839.54 | N24: 12 | O24: =N24*($F24+$G24) -> 649893.03 | Q24: =6*3 -> 18 | R24: =Q24*($F24+$G24) -> 974839.54 | T24: 24 | U24: =T24*($F24+$G24) -> 1299786.1 | W24: 18 | X24: =W24*($F24+$G24) -> 974839.54 | AA24: =Z24*($F24+$G24) -> 0 | AD24: =AC24*($F24+$G24) -> 0 | AF24: 12 | AG24: =AF24*($F24+$G24) -> 649893.03 | AI24: 12 | AJ24: =AI24*($F24+$G24) -> 649893.03 | AM24: =AL24*($F24+$G24) -> 0 | AO24: 12 | AP24: =AO24*($F24+$G24) -> 649893.03 | AR24: 12 | AS24: =AR24*($F24+$G24) -> 649893.03 | AU24: 6 | AV24: =AU24*($F24+$G24) -> 324946.51 | AY24: =AX24*($F24+$G24) -> 0 | BA24: 12 | BB24: =BA24*($F24+$G24) -> 649893.03
C25: 2.1.4 | D25: Earthing System for HTA + 2 Tenant Greenfield Site (Standard Design) complete for a 15m x 15m site layout. | E25: lot | F25: 530000 | G25: 150000 | I25: =H25*($F25+$G25) -> 0 | K25: 1 | L25: =K25*($F25+$G25) -> 680000 | O25: =N25*($F25+$G25) -> 0 | Q25: 1 | R25: =Q25*($F25+$G25) -> 680000 | T25: 1 | U25: =T25*($F25+$G25) -> 680000 | W25: 1 | X25: =W25*($F25+$G25) -> 680000 | Z25: 1 | AA25: =Z25*($F25+$G25) -> 680000 | AD25: =AC25*($F25+$G25) -> 0 | AF25: 1 | AG25: =AF25*($F25+$G25) -> 680000 | AI25: 0.5 | AJ25: =AI25*($F25+$G25) -> 340000 | AM25: =AL25*($F25+$G25) -> 0 | AO25: 0.5 | AP25: =AO25*($F25+$G25) -> 340000 | AS25: =AR25*($F25+$G25) -> 0 | AV25: =AU25*($F25+$G25) -> 0 | AY25: =AX25*($F25+$G25) -> 0 | BB25: =BA25*($F25+$G25) -> 0
C26: 2.1.5 | D26: Supply and installation of earth rods and accessories | E26: each | F26: 115717.5 | G26: 0 | I26: =H26*($F26+$G26) -> 0 | L26: =K26*($F26+$G26) -> 0 | O26: =N26*($F26+$G26) -> 0 | R26: =Q26*($F26+$G26) -> 0 | T26: 1 | U26: =T26*($F26+$G26) -> 115717.5 | X26: =W26*($F26+$G26) -> 0 | AA26: =Z26*($F26+$G26) -> 0 | AD26: =AC26*($F26+$G26) -> 0 | AG26: =AF26*($F26+$G26) -> 0 | AJ26: =AI26*($F26+$G26) -> 0 | AM26: =AL26*($F26+$G26) -> 0 | AP26: =AO26*($F26+$G26) -> 0 | AS26: =AR26*($F26+$G26) -> 0 | AV26: =AU26*($F26+$G26) -> 0 | AY26: =AX26*($F26+$G26) -> 0 | BB26: =BA26*($F26+$G26) -> 0
C27: 3 | D27: Project Management & Documentation | I27: =I28 -> 779902.8 | L27: =L28 -> 779902.8 | O27: =O28 -> 779902.8 | R27: =R28 -> 779902.8 | U27: =U28 -> 779902.8 | X27: =X28 -> 779902.8 | AA27: =AA28 -> 779902.8 | AD27: =AD28 -> 779902.8 | AG27: =AG28 -> 779902.8 | AJ27: =AJ28 -> 779902.8 | AM27: =AM28 -> 779902.8 | AP27: =AP28 -> 779902.8 | AS27: =AS28 -> 779902.8 | AV27: =AV28 -> 779902.8 | AY27: =AY28 -> 779902.8 | BB27: =BB28 -> 779902.8
C28: 3.1.1 | D28: Technical Site Survey, Project Management, Field Supervision and Administrative costs including QA, Integration management and handover | E28: Site | G28: 779902.8 | H28: 1 | I28: =H28*($F28+$G28) -> 779902.8 | K28: 1 | L28: =K28*($F28+$G28) -> 779902.8 | N28: 1 | O28: =N28*($F28+$G28) -> 779902.8 | Q28: 1 | R28: =Q28*($F28+$G28) -> 779902.8 | T28: 1 | U28: =T28*($F28+$G28) -> 779902.8 | W28: 1 | X28: =W28*($F28+$G28) -> 779902.8 | Z28: 1 | AA28: =Z28*($F28+$G28) -> 779902.8 | AC28: 1 | AD28: =AC28*($F28+$G28) -> 779902.8 | AF28: 1 | AG28: =AF28*($F28+$G28) -> 779902.8 | AI28: 1 | AJ28: =AI28*($F28+$G28) -> 779902.8 | AL28: 1 | AM28: =AL28*($F28+$G28) -> 779902.8 | AO28: 1 | AP28: =AO28*($F28+$G28) -> 779902.8 | AR28: 1 | AS28: =AR28*($F28+$G28) -> 779902.8 | AU28: 1 | AV28: =AU28*($F28+$G28) -> 779902.8 | AX28: 1 | AY28: =AX28*($F28+$G28) -> 779902.8 | BA28: 1 | BB28: =BA28*($F28+$G28) -> 779902.8
D29: SUBTOTAL | I29: =I21+I11+I27 -> 5876755.7 | L29: =L21+L11+L27 -> 6215729.8 | O29: =O21+O11+O27 -> 6521301.9 | R29: =R21+R11+R27 -> 9000302 | U29: =U21+U11+U27 -> 8889820.9 | X29: =X21+X11+X27 -> 10698362 | AA29: =AA21+AA11+AA27 -> 3892486.4 | AD29: =AD21+AD11+AD27 -> 3021953.4 | AG29: =AG21+AG11+AG27 -> 6914316 | AJ29: =AJ21+AJ11+AJ27 -> 2896779.9 | AM29: =AM21+AM11+AM27 -> 5143567.4 | AP29: =AP21+AP11+AP27 -> 10882797 | AS29: =AS21+AS11+AS27 -> 5421931.7 | AV29: =AV21+AV11+AV27 -> 7465440.2 | AY29: =AY21+AY11+AY27 -> 5524350.5 | BB29: =BB21+BB11+BB27 -> 11841916
D32: SUBTOTAL | I32: =I31 -> 0 | L32: =L31 -> 0 | O32: =O31 -> 0 | R32: =R31 -> 0 | U32: =U31 -> 0 | X32: =X31 -> 0 | AA32: =AA31 -> 0 | AD32: =AD31 -> 0 | AG32: =AG31 -> 0 | AJ32: =AJ31 -> 0 | AM32: =AM31 -> 0 | AP32: =AP31 -> 0 | AS32: =AS31 -> 0 | AV32: =AV31 -> 0 | AY32: =AY31 -> 0 | BB32: =BB31 -> 0
C33: 5 | D33: Transport, Haulage and Mobilization
C34: 5.1.1 | D34: Transportation of materials to site (Within Dar es Salaam) | E34: km | G34: 3475 | I34: =H34*($F34+$G34) -> 0 | L34: =K34*($F34+$G34) -> 0 | O34: =N34*($F34+$G34) -> 0 | R34: =Q34*($F34+$G34) -> 0 | U34: =T34*($F34+$G34) -> 0 | X34: =W34*($F34+$G34) -> 0 | AA34: =Z34*($F34+$G34) -> 0 | AD34: =AC34*($F34+$G34) -> 0 | AG34: =AF34*($F34+$G34) -> 0 | AJ34: =AI34*($F34+$G34) -> 0 | AM34: =AL34*($F34+$G34) -> 0 | AP34: =AO34*($F34+$G34) -> 0 | AR34: 100 | AS34: =AR34*($F34+$G34) -> 347500 | AU34: 100 | AV34: =AU34*($F34+$G34) -> 347500 | AX34: 100 | AY34: =AX34*($F34+$G34) -> 347500 | BA34: 100 | BB34: =BA34*($F34+$G34) -> 347500
C35: 5.1.2 | D35: Transportation of materials to site (Outside Dar es Salaam) | E35: km | G35: 4120 | H35: 150 | I35: =H35*($F35+$G35) -> 618000 | K35: 120 | L35: =K35*($F35+$G35) -> 494400 | N35: 100 | O35: =N35*($F35+$G35) -> 412000 | Q35: 200 | R35: =Q35*($F35+$G35) -> 824000 | T35: 100 | U35: =T35*($F35+$G35) -> 412000 | W35: 900 | X35: =W35*($F35+$G35) -> 3708000 | Z35: 822 | AA35: =Z35*($F35+$G35) -> 3386640 | AC35: 100 | AD35: =AC35*($F35+$G35) -> 412000 | AF35: 100 | AG35: =AF35*($F35+$G35) -> 412000 | AI35: 100 | AJ35: =AI35*($F35+$G35) -> 412000 | AL35: 100 | AM35: =AL35*($F35+$G35) -> 412000 | AO35: 100 | AP35: =AO35*($F35+$G35) -> 412000 | AS35: =AR35*($F35+$G35) -> 0 | AV35: =AU35*($F35+$G35) -> 0 | AY35: =AX35*($F35+$G35) -> 0 | BB35: =BA35*($F35+$G35) -> 0
D36: SUBTOTAL | I36: =SUM(I34:I35) -> 618000 | L36: =SUM(L34:L35) -> 494400 | O36: =SUM(O34:O35) -> 412000 | R36: =SUM(R34:R35) -> 824000 | U36: =SUM(U34:U35) -> 412000 | X36: =SUM(X34:X35) -> 3708000 | AA36: =SUM(AA34:AA35) -> 3386640 | AD36: =SUM(AD34:AD35) -> 412000 | AG36: =SUM(AG34:AG35) -> 412000 | AJ36: =SUM(AJ34:AJ35) -> 412000 | AM36: =SUM(AM34:AM35) -> 412000 | AP36: =SUM(AP34:AP35) -> 412000 | AS36: =SUM(AS34:AS35) -> 347500 | AV36: =SUM(AV34:AV35) -> 347500 | AY36: =SUM(AY34:AY35) -> 347500 | BB36: =SUM(BB34:BB35) -> 347500
H38: SUB TOTAL (TZS) | I38: =I29+I36 -> 6494755.7 | K38: SUB TOTAL (TZS) | L38: =L29+L36 -> 6710129.8 | N38: SUB TOTAL (TZS) | O38: =O29+O36 -> 6933301.9 | Q38: SUB TOTAL (TZS) | R38: =R29+R36 -> 9824302 | T38: SUB TOTAL (TZS) | U38: =U29+U36 -> 9301820.9 | W38: SUB TOTAL (TZS) | X38: =X29+X36 -> 14406362 | Z38: SUB TOTAL (TZS) | AA38: =AA29+AA36 -> 7279126.4 | AC38: SUB TOTAL (TZS) | AD38: =AD29+AD36 -> 3433953.4 | AF38: SUB TOTAL (TZS) | AG38: =AG29+AG36 -> 7326316 | AI38: SUB TOTAL (TZS) | AJ38: =AJ29+AJ36 -> 3308779.9 | AL38: SUB TOTAL (TZS) | AM38: =AM29+AM36 -> 5555567.4 | AO38: SUB TOTAL (TZS) | AP38: =AP29+AP36 -> 11294797 | AR38: SUB TOTAL (TZS) | AS38: =AS29+AS36 -> 5769431.7 | AU38: SUB TOTAL (TZS) | AV38: =AV29+AV36 -> 7812940.2 | AX38: SUB TOTAL (TZS) | AY38: =AY29+AY36 -> 5871850.5 | BA38: SUB TOTAL (TZS) | BB38: =BB29+BB36 -> 12189416
H39: +18% VAT | I39: =I38*18% -> 1169056 | K39: +18% VAT | L39: =L38*18% -> 1207823.4 | N39: +18% VAT | O39: =O38*18% -> 1247994.3 | Q39: +18% VAT | R39: =R38*18% -> 1768374.4 | T39: +18% VAT | U39: =U38*18% -> 1674327.8 | W39: +18% VAT | X39: =X38*18% -> 2593145.2 | Z39: +18% VAT | AA39: =AA38*18% -> 1310242.8 | AC39: +18% VAT | AD39: =AD38*18% -> 618111.6 | AF39: +18% VAT | AG39: =AG38*18% -> 1318736.9 | AI39: +18% VAT | AJ39: =AJ38*18% -> 595580.37 | AL39: +18% VAT | AM39: =AM38*18% -> 1000002.1 | AO39: +18% VAT | AP39: =AP38*18% -> 2033063.4 | AR39: +18% VAT | AS39: =AS38*18% -> 1038497.7 | AU39: +18% VAT | AV39: =AV38*18% -> 1406329.2 | AX39: +18% VAT | AY39: =AY38*18% -> 1056933.1 | BA39: +18% VAT | BB39: =BB38*18% -> 2194094.8
H40: TOTAL (TZS) | I40: =SUM(I38:I39) -> 7663811.8 | K40: TOTAL (TZS) | L40: =SUM(L38:L39) -> 7917953.1 | N40: TOTAL (TZS) | O40: =SUM(O38:O39) -> 8181296.2 | Q40: TOTAL (TZS) | R40: =SUM(R38:R39) -> 11592676 | T40: TOTAL (TZS) | U40: =SUM(U38:U39) -> 10976149 | W40: TOTAL (TZS) | X40: =SUM(X38:X39) -> 16999507 | Z40: TOTAL (TZS) | AA40: =SUM(AA38:AA39) -> 8589369.2 | AC40: TOTAL (TZS) | AD40: =SUM(AD38:AD39) -> 4052065 | AF40: TOTAL (TZS) | AG40: =SUM(AG38:AG39) -> 8645052.9 | AI40: TOTAL (TZS) | AJ40: =SUM(AJ38:AJ39) -> 3904360.2 | AL40: TOTAL (TZS) | AM40: =SUM(AM38:AM39) -> 6555569.6 | AO40: TOTAL (TZS) | AP40: =SUM(AP38:AP39) -> 13327860 | AR40: TOTAL (TZS) | AS40: =SUM(AS38:AS39) -> 6807929.4 | AU40: TOTAL (TZS) | AV40: =SUM(AV38:AV39) -> 9219269.4 | AX40: TOTAL (TZS) | AY40: =SUM(AY38:AY39) -> 6928783.6 | BA40: TOTAL (TZS) | BB40: =SUM(BB38:BB39) -> 14383510
H42: Service | I42: =I11+I21+I27 -> 5876755.7 | K42: Service | L42: =L11+L21+L27 -> 6215729.8 | N42: Service | O42: =O11+O21+O27 -> 6521301.9 | Q42: Service | R42: =R11+R21+R27 -> 9000302 | T42: Service | U42: =U11+U21+U27 -> 8889820.9 | W42: Service | X42: =X11+X21+X27 -> 10698362 | Z42: Service | AA42: =AA11+AA21+AA27 -> 3892486.4 | AC42: Service | AD42: =AD11+AD21+AD27 -> 3021953.4 | AF42: Service | AG42: =AG11+AG21+AG27 -> 6914316 | AI42: Service | AJ42: =AJ11+AJ21+AJ27 -> 2896779.9 | AL42: Service | AM42: =AM11+AM21+AM27 -> 5143567.4 | AO42: Service | AP42: =AP11+AP21+AP27 -> 10882797 | AR42: Service | AS42: =AS11+AS21+AS27 -> 5421931.7 | AU42: Service | AV42: =AV11+AV21+AV27 -> 7465440.2 | AX42: Service | AY42: =AY11+AY21+AY27 -> 5524350.5 | BA42: Service | BB42: =BB11+BB21+BB27 -> 11841916
H43: Transport | I43: =I36 -> 618000 | K43: Transport | L43: =L36 -> 494400 | N43: Transport | O43: =O36 -> 412000 | Q43: Transport | R43: =R36 -> 824000 | T43: Transport | U43: =U36 -> 412000 | W43: Transport | X43: =X36 -> 3708000 | Z43: Transport | AA43: =AA36 -> 3386640 | AC43: Transport | AD43: =AD36 -> 412000 | AF43: Transport | AG43: =AG36 -> 412000 | AI43: Transport | AJ43: =AJ36 -> 412000 | AL43: Transport | AM43: =AM36 -> 412000 | AO43: Transport | AP43: =AP36 -> 412000 | AR43: Transport | AS43: =AS36 -> 347500 | AU43: Transport | AV43: =AV36 -> 347500 | AX43: Transport | AY43: =AY36 -> 347500 | BA43: Transport | BB43: =BB36 -> 347500
D204: =BOQ!#REF!+#REF! -> #REF!

Sheet Summary
B4: S/n | C4: Description | D4: Site Name | E4: Site ID | F4: Qty | G4: Services (TZS) | H4: Transportation (TZS) | I4: Total Price (TZS)
B5: 1 | C5: Site improvement works | D5: =BOQ!I8 -> Nyalaja | E5: =BOQ!I7 -> TZTB1217 | F5: 1 | G5: =BOQ!I42 -> 5876755.7 | H5: =BOQ!I43 -> 618000 | I5: =SUM(G5:H5) -> 6494755.7
B6: 2 | C6: Site improvement works | D6: =BOQ!L8 -> Mwashina | E6: =BOQ!L7 -> TZTB2341 | F6: 1 | G6: =BOQ!L42 -> 6215729.8 | H6: =BOQ!L43 -> 494400 | I6: =SUM(G6:H6) -> 6710129.8
B7: 3 | C7: Site improvement works | D7: =BOQ!O8 -> Mabama | E7: =BOQ!O7 -> TZTB2346 | F7: 1 | G7: =BOQ!O42 -> 6521301.9 | H7: =BOQ!O43 -> 412000 | I7: =SUM(G7:H7) -> 6933301.9
B8: 4 | C8: Site improvement works | D8: =BOQ!R8 -> Milambo Itobo Ucsaf | E8: =BOQ!R7 -> TZTB6750 | F8: 1 | G8: =BOQ!R42 -> 9000302 | H8: =BOQ!R43 -> 824000 | I8: =SUM(G8:H8) -> 9824302
B9: 5 | C9: Site improvement works | D9: =BOQ!U8 -> Ndala | E9: =BOQ!U7 -> TZTB2353 | F9: 1 | G9: =BOQ!U42 -> 8889820.9 | H9: =BOQ!U43 -> 412000 | I9: =SUM(G9:H9) -> 9301820.9
B10: 6 | C10: Site improvement works | D10: =BOQ!X8 -> Tumbi | E10: =BOQ!X7 -> TZTB1568 | F10: 1 | G10: =BOQ!X42 -> 10698362 | H10: =BOQ!X43 -> 3708000 | I10: =SUM(G10:H10) -> 14406362
B11: 7 | C11: Site improvement works | D11: =BOQ!AA8 -> Igunga vtz | E11: =BOQ!AA7 -> TZTB5713 | F11: 1 | G11: =BOQ!AA42 -> 3892486.4 | H11: =BOQ!AA43 -> 3386640 | I11: =SUM(G11:H11) -> 7279126.4
B12: 8 | C12: Site improvement works | D12: =BOQ!AD8 -> Itunduru vtz | E12: =BOQ!AD7 -> TZTB7528 | F12: 1 | G12: =BOQ!AD42 -> 3021953.4 | H12: =BOQ!AD43 -> 412000 | I12: =SUM(G12:H12) -> 3433953.4
B13: 9 | C13: Site improvement works | D13: =BOQ!AG8 -> Mwabakima | E13: =BOQ!AG7 -> TZTB7797 | F13: 1 | G13: =BOQ!AG42 -> 6914316 | H13: =BOQ!AG43 -> 412000 | I13: =SUM(G13:H13) -> 7326316
B14: 10 | C14: Site improvement works | D14: =BOQ!AJ8 -> Ndembezi Igunga Vtz | E14: =BOQ!AJ7 -> TZTB7519 | F14: 1 | G14: =BOQ!AJ42 -> 2896779.9 | H14: =BOQ!AJ43 -> 412000 | I14: =SUM(G14:H14) -> 3308779.9
B15: 11 | C15: Site improvement works | D15: =BOQ!AM8 -> Nkinga Sector 0 | E15: =BOQ!AM7 -> TZTB2352 | F15: 1 | G15: =BOQ!AM42 -> 5143567.4 | H15: =BOQ!AM43 -> 412000 | I15: =SUM(G15:H15) -> 5555567.4
B16: 12 | C16: Site improvement works | D16: =BOQ!AP8 -> Usongo Mission | E16: =BOQ!AP7 -> TZTB3253 | F16: 1 | G16: =BOQ!AP42 -> 10882797 | H16: =BOQ!AP43 -> 412000 | I16: =SUM(G16:H16) -> 11294797
B17: 13 | C17: Site improvement works | D17: =BOQ!AS8 -> Chanika Kitonga | E17: =BOQ!AS7 -> TZDA0495 | F17: 1 | G17: =BOQ!AS42 -> 5421931.7 | H17: =BOQ!AS43 -> 347500 | I17: =SUM(G17:H17) -> 5769431.7
B18: 14 | C18: Site improvement works | D18: =BOQ!AV8 -> Mavurunza G5 | E18: =BOQ!AV7 -> TZDA0565 | F18: 1 | G18: =BOQ!AV42 -> 7465440.2 | H18: =BOQ!AV43 -> 347500 | I18: =SUM(G18:H18) -> 7812940.2
B19: 15 | C19: Site improvement works | D19: =BOQ!AY8 -> Kijitonyama | E19: =BOQ!AY7 -> TZDA1868 | F19: 1 | G19: =BOQ!AY42 -> 5524350.5 | H19: =BOQ!AY43 -> 347500 | I19: =SUM(G19:H19) -> 5871850.5
B20: 16 | C20: Site improvement works | D20: =BOQ!BB8 -> Wazo | E20: =BOQ!BB7 -> TZDA2939 | F20: 1 | G20: =BOQ!BB42 -> 11841916 | H20: =BOQ!BB43 -> 347500 | I20: =SUM(G20:H20) -> 12189416
I21: =SUM(G21:H21) -> 0
G22: =SUM(G5:G21) -> 1.1020781e+08 | H22: =SUM(H5:H21) -> 13305040 | I22: =SUM(I5:I21) -> 1.2351285e+08
